="",="(1)",="(2)",="(3)",="(4)",="(5)",="(6)"
="",="share",="share",="share",="share",="share",="share"
="Cancer Research UK",="0.000",="0.000",="0.000",="0.000",="0.000",="0.000"
="",="(.)",="(.)",="(.)",="(.)",="(.)",="(.)"
="INCa/INSERM/DGOS",="-0.045**",="-0.006",="-0.024***",="0.009",="0.069***",="-0.000"
="",="(0.019)",="(0.011)",="(0.008)",="(0.012)",="(0.024)",="(0.004)"
="National Cancer Institute",="-0.023",="0.007",="0.003",="0.005",="0.009",="-0.001"
="",="(0.018)",="(0.006)",="(0.006)",="(0.011)",="(0.007)",="(0.004)"
="National Health and Medical Rese",="-0.015",="0.025***",="0.001",="-0.022*",="-0.021*",="0.027***"
="",="(0.019)",="(0.005)",="(0.006)",="(0.011)",="(0.011)",="(0.005)"
="Wellcome Trust",="0.006",="0.058***",="-0.014**",="0.001",="-0.040***",="-0.019***"
="",="(0.021)",="(0.017)",="(0.006)",="(0.016)",="(0.015)",="(0.007)"
="ACQUIRED COGNITIVE IMPAIRMENT",="0.000",="0.000",="0.000",="0.000",="0.000",="0.000"
="",="(.)",="(.)",="(.)",="(.)",="(.)",="(.)"
="ACUTE RESPIRATORY DISTRESS SYNDR",="-0.020",="-0.006",="-0.002",="-0.014",="-0.005",="-0.026***"
="",="(0.012)",="(0.016)",="(0.007)",="(0.014)",="(0.025)",="(0.009)"
="AGENT ORANGE & DIOXIN",="-0.020",="-0.002",="-0.002",="",="",="-0.028***"
="",="(0.012)",="(0.018)",="(0.007)",="",="",="(0.009)"
="AGING",="0.349***",="0.627***",="0.151***",="0.506***",="0.371***",="0.737***"
="",="(0.046)",="(0.066)",="(0.035)",="(0.082)",="(0.071)",="(0.127)"
="ALCOHOLISM ALCOHOL USE AND HEALT",="-0.017",="0.084***",="0.044***",="-0.013",="-0.003",="-0.013*"
="",="(0.012)",="(0.032)",="(0.010)",="(0.014)",="(0.026)",="(0.007)"
="ALS",="-0.017",="-0.006",="-0.002",="-0.012",="-0.005",="-0.026***"
="",="(0.012)",="(0.016)",="(0.007)",="(0.014)",="(0.025)",="(0.007)"
="ALZHEIMER'S DISEASE",="-0.007",="-0.002",="-0.001",="-0.002",="-0.001",="-0.021***"
="",="(0.012)",="(0.016)",="(0.007)",="(0.018)",="(0.024)",="(0.006)"
="ALZHEIMER'S DISEASE INCLUDING AL",="-0.005",="-0.002",="-0.001",="-0.001",="-0.001",="-0.020***"
="",="(0.012)",="(0.016)",="(0.007)",="(0.018)",="(0.024)",="(0.006)"
="ALZHEIMER'S DISEASE RELATED DEME",="-0.020",="-0.006",="-0.002",="-0.014",="-0.006",="-0.028***"
="",="(0.012)",="(0.016)",="(0.007)",="(0.014)",="(0.025)",="(0.008)"
="AMERICAN INDIANS / ALASKA NATIVE",="-0.020",="-0.005",="0.000",="-0.012",="-0.005",="-0.021*"
="",="(0.012)",="(0.017)",="(0.007)",="(0.014)",="(0.025)",="(0.011)"
="ANTHRAX",="-0.020",="-0.006",="-0.002",="-0.014",="-0.005",=""
="",="(0.012)",="(0.016)",="(0.007)",="(0.014)",="(0.025)",=""
="ANTIMICROBIAL RESISTANCE",="-0.016",="-0.003",="-0.002",="-0.013",="0.090*",="-0.014"
="",="(0.012)",="(0.016)",="(0.007)",="(0.014)",="(0.054)",="(0.012)"
="ANXIETY DISORDERS",="-0.020*",="-0.006",="-0.002",="-0.014",="-0.006",="-0.022***"
="",="(0.012)",="(0.016)",="(0.007)",="(0.014)",="(0.025)",="(0.007)"
="ARTHRITIS",="0.015",="0.047",="0.003",="0.004",="0.033",="0.008"
="",="(0.011)",="(0.030)",="(0.007)",="(0.016)",="(0.029)",="(0.013)"
="ASSISTIVE TECHNOLOGY",="-0.020",="-0.006",="-0.002",="-0.012",="-0.004",="-0.016*"
="",="(0.012)",="(0.016)",="(0.007)",="(0.014)",="(0.025)",="(0.009)"
="ASTHMA",="-0.002",="0.044*",="0.002",="-0.012",="0.006",="-0.009"
="",="(0.015)",="(0.027)",="(0.007)",="(0.014)",="(0.027)",="(0.007)"
="ATAXIA TELANGIECTASIA",="-0.003",="-0.002",="-0.002",="-0.014",="-0.004",=""
="",="(0.012)",="(0.016)",="(0.007)",="(0.014)",="(0.025)",=""
="ATHEROSCLEROSIS",="0.002",="0.043*",="0.005",="-0.005",="0.003",="-0.019**"
="",="(0.014)",="(0.026)",="(0.009)",="(0.014)",="(0.027)",="(0.007)"
="ATTENTION DEFICIT DISORDER (ADD)",="-0.020",="-0.006",="-0.001",="-0.014",="",="-0.024***"
="",="(0.012)",="(0.016)",="(0.007)",="(0.014)",="",="(0.006)"
="AUTISM",="-0.018",="-0.005",="",="-0.013",="-0.006",="-0.027***"
="",="(0.012)",="(0.016)",="",="(0.014)",="(0.025)",="(0.008)"
="AUTOIMMUNE DISEASE",="0.217***",="0.131**",="0.004",="0.018",="0.080***",="0.009"
="",="(0.046)",="(0.061)",="(0.006)",="(0.014)",="(0.027)",="(0.013)"
="BATTEN DISEASE",="-0.020",="-0.007",="",="",="",=""
="",="(0.012)",="(0.016)",="",="",="",=""
="BIODEFENSE",="0.140***",="0.055***",="0.008",="-0.012",="0.054*",="-0.023***"
="",="(0.043)",="(0.018)",="(0.007)",="(0.014)",="(0.030)",="(0.007)"
="BIOENGINEERING",="0.369***",="0.007",="0.003",="1.922***",="0.615***",="0.035***"
="",="(0.123)",="(0.019)",="(0.006)",="(0.609)",="(0.114)",="(0.006)"
="BIOTECHNOLOGY",="2.089***",="0.406***",="0.054***",="0.586***",="1.471***",="-0.009"
="",="(0.151)",="(0.085)",="(0.013)",="(0.075)",="(0.139)",="(0.007)"
="BIPOLAR DISORDER",="-0.020*",="-0.006",="-0.002",="",="",="-0.028***"
="",="(0.012)",="(0.016)",="(0.007)",="",="",="(0.008)"
="BRAIN CANCER",="0.094***",="0.079**",="-0.001",="0.066***",="0.140***",="-0.011"
="",="(0.032)",="(0.038)",="(0.007)",="(0.024)",="(0.038)",="(0.009)"
="BRAIN DISORDERS",="0.399***",="0.245***",="0.057***",="0.173***",="0.299***",="0.252***"
="",="(0.033)",="(0.075)",="(0.012)",="(0.047)",="(0.061)",="(0.056)"
="BREAST CANCER",="1.614***",="1.202***",="0.082***",="1.555***",="1.394***",="0.828***"
="",="(0.073)",="(0.177)",="(0.024)",="(0.232)",="(0.265)",="(0.172)"
="CANNABINOID RESEARCH",="-0.020",="-0.006",="-0.001",="",="-0.005",="-0.028***"
="",="(0.012)",="(0.016)",="(0.007)",="",="(0.025)",="(0.008)"
="CARDIOVASCULAR",="0.138***",="0.162***",="0.148***",="0.058***",="0.087***",="0.269***"
="",="(0.019)",="(0.049)",="(0.015)",="(0.016)",="(0.019)",="(0.034)"
="CEREBRAL PALSY",="-0.020*",="-0.006",="-0.002",="-0.014",="-0.005",="-0.027***"
="",="(0.012)",="(0.016)",="(0.007)",="(0.014)",="(0.025)",="(0.008)"
="CERVICAL CANCER",="-0.008",="0.103***",="0.034***",="0.153***",="0.022",="0.032**"
="",="(0.011)",="(0.023)",="(0.008)",="(0.047)",="(0.021)",="(0.014)"
="CHARCOT-MARIE-TOOTH DISEASE",="-0.018",="-0.006",="",="",="",=""
="",="(0.011)",="(0.016)",="",="",="",=""
="CHILDHOOD LEUKEMIA",="0.046*",="0.021",="-0.001",="0.004",="0.108***",="-0.022**"
="",="(0.026)",="(0.017)",="(0.007)",="(0.015)",="(0.029)",="(0.009)"
="CHRONIC FATIGUE SYNDROME (ME/CFS",="-0.019",="-0.005",="",="",="-0.005",="-0.027***"
="",="(0.012)",="(0.016)",="",="",="(0.025)",="(0.008)"
="CHRONIC LIVER DISEASE AND CIRRHO",="0.017",="0.091***",="0.006",="0.018",="0.029",="-0.004"
="",="(0.015)",="(0.025)",="(0.007)",="(0.017)",="(0.028)",="(0.014)"
="CHRONIC OBSTRUCTIVE PULMONARY DI",="-0.016",="0.007",="0.002",="-0.011",="-0.004",="-0.014**"
="",="(0.013)",="(0.017)",="(0.008)",="(0.014)",="(0.025)",="(0.005)"
="CLIMATE-RELATED EXPOSURES AND CO",="0.030***",="0.234***",="0.060**",="-0.010",="0.005",="-0.017**"
="",="(0.009)",="(0.090)",="(0.027)",="(0.015)",="(0.026)",="(0.007)"
="COLO-RECTAL CANCER",="0.377***",="0.322***",="0.078***",="0.355***",="0.331***",="0.254***"
="",="(0.036)",="(0.045)",="(0.020)",="(0.042)",="(0.045)",="(0.055)"
="CONDITIONS AFFECTING THE EMBRYON",="-0.019",="0.003",="0.003",="-0.013",="-0.006",="-0.025***"
="",="(0.012)",="(0.017)",="(0.007)",="(0.014)",="(0.025)",="(0.009)"
="CONGENITAL STRUCTURAL ANOMALIES",="0.016*",="0.010",="-0.002",="-0.013",="-0.005",="-0.028***"
="",="(0.009)",="(0.013)",="(0.007)",="(0.014)",="(0.025)",="(0.008)"
="CONTRACEPTION/REPRODUCTION",="0.201**",="0.096***",="0.008",="0.016",="0.018",="0.081***"
="",="(0.079)",="(0.015)",="(0.008)",="(0.018)",="(0.027)",="(0.013)"
="COOLEY'S ANEMIA",="-0.019",="-0.006",="",="-0.014",="-0.005",="-0.028***"
="",="(0.012)",="(0.016)",="",="(0.014)",="(0.025)",="(0.008)"
="CROHN'S DISEASE",="-0.010",="0.017",="-0.002",="-0.007",="-0.001",="-0.026***"
="",="(0.015)",="(0.014)",="(0.007)",="(0.014)",="(0.023)",="(0.008)"
="CYSTIC FIBROSIS",="-0.013",="-0.004",="-0.002",="-0.012",="-0.003",="-0.023***"
="",="(0.014)",="(0.017)",="(0.007)",="(0.014)",="(0.024)",="(0.007)"
="DEMENTIA",="-0.002",="-0.000",="-0.000",="-0.001",="-0.001",="-0.012**"
="",="(0.011)",="(0.016)",="(0.007)",="(0.018)",="(0.024)",="(0.006)"
="DENTAL/ORAL AND CRANIOFACIAL DIS",="0.046**",="0.084**",="0.009",="0.064***",="0.146***",="0.144***"
="",="(0.023)",="(0.033)",="(0.007)",="(0.025)",="(0.034)",="(0.028)"
="DEPRESSION",="-0.018",="0.007",="0.015**",="-0.012",="-0.003",="0.160***"
="",="(0.012)",="(0.017)",="(0.006)",="(0.015)",="(0.025)",="(0.045)"
="DIABETES",="0.231**",="0.193***",="0.060***",="0.003",="0.042",="0.080***"
="",="(0.116)",="(0.061)",="(0.006)",="(0.015)",="(0.033)",="(0.015)"
="DIGESTIVE DISEASES",="1.069***",="0.856***",="0.175***",="0.900***",="1.289***",="0.808***"
="",="(0.082)",="(0.055)",="(0.028)",="(0.119)",="(0.291)",="(0.093)"
="DIGESTIVE DISEASES - (GALLBLADDE",="-0.018",="-0.004",="-0.002",="-0.011",="-0.002",="-0.027***"
="",="(0.012)",="(0.016)",="(0.007)",="(0.014)",="(0.026)",="(0.008)"
="DIGESTIVE DISEASES - (PEPTIC ULC",="-0.019",="0.029",="-0.000",="-0.014",="-0.005",="-0.028***"
="",="(0.012)",="(0.019)",="(0.007)",="(0.014)",="(0.025)",="(0.008)"
="DOWN SYNDROME",="-0.017",="-0.006",="-0.002",="-0.014",="-0.005",="-0.027***"
="",="(0.012)",="(0.017)",="(0.007)",="(0.014)",="(0.025)",="(0.009)"
="DRUG ABUSE (NIDA ONLY)",="-0.015",="0.008",="0.092***",="-0.012",="-0.000",="-0.016***"
="",="(0.012)",="(0.016)",="(0.027)",="(0.014)",="(0.025)",="(0.005)"
="DUCHENNE/ BECKER MUSCULAR DYSTRO",="-0.019",="",="",="-0.014",="-0.005",="-0.028***"
="",="(0.012)",="",="",="(0.014)",="(0.025)",="(0.008)"
="DYSTONIA",="-0.020",="-0.006",="",="",="",=""
="",="(0.012)",="(0.016)",="",="",="",=""
="EATING DISORDERS",="-0.020*",="-0.005",="-0.000",="",="",="-0.028***"
="",="(0.012)",="(0.016)",="(0.007)",="",="",="(0.008)"
="ECZEMA / ATOPIC DERMATITIS",="-0.020",="-0.006",="",="",="",=""
="",="(0.012)",="(0.016)",="",="",="",=""
="EMERGING INFECTIOUS DISEASES",="0.252***",="0.224***",="0.017**",="-0.002",="0.113***",="0.001"
="",="(0.061)",="(0.029)",="(0.008)",="(0.014)",="(0.030)",="(0.013)"
="EMPHYSEMA",="-0.020",="-0.004",="-0.002",="-0.013",="-0.006",="-0.028***"
="",="(0.013)",="(0.016)",="(0.007)",="(0.014)",="(0.025)",="(0.009)"
="ENDOMETRIOSIS",="-0.015",="0.003",="-0.002",="-0.012",="-0.005",="-0.024***"
="",="(0.011)",="(0.017)",="(0.007)",="(0.014)",="(0.025)",="(0.009)"
="EPILEPSY",="-0.017",="-0.005",="",="-0.012",="-0.004",="-0.025***"
="",="(0.012)",="(0.016)",="",="(0.014)",="(0.025)",="(0.008)"
="ESTROGEN",="0.084***",="0.183***",="0.015**",="0.009",="0.090***",="0.009"
="",="(0.020)",="(0.026)",="(0.007)",="(0.015)",="(0.029)",="(0.008)"
="EYE DISEASE AND DISORDERS OF VIS",="0.046***",="0.016",="0.002",="0.015",="0.028",="-0.016**"
="",="(0.011)",="(0.012)",="(0.007)",="(0.014)",="(0.025)",="(0.007)"
="FACIOSCAPULOHUMERAL MUSCULAR DYS",="-0.020",="-0.007",="",="-0.014",="",=""
="",="(0.012)",="(0.016)",="",="(0.014)",="",=""
="FETAL ALCOHOL SYNDROME",="-0.020*",="-0.006",="-0.002",="-0.014",="",="-0.028***"
="",="(0.012)",="(0.016)",="(0.007)",="(0.014)",="",="(0.008)"
="FIBROID TUMORS (UTERINE)",="-0.020",="-0.006",="",="-0.013",="-0.005",="-0.028***"
="",="(0.012)",="(0.016)",="",="(0.014)",="(0.025)",="(0.008)"
="FIBROMYALGIA",="-0.020*",="",="-0.002",="",="",="-0.027***"
="",="(0.012)",="",="(0.007)",="",="",="(0.009)"
="FOOD ALLERGIES",="-0.019",="0.000",="-0.000",="-0.011",="-0.005",="-0.026***"
="",="(0.012)",="(0.016)",="(0.007)",="(0.015)",="(0.025)",="(0.008)"
="FOODBORNE ILLNESS",="-0.010",="0.021",="0.003",="-0.012",="-0.001",="-0.027***"
="",="(0.013)",="(0.020)",="(0.007)",="(0.014)",="(0.025)",="(0.008)"
="FRAGILE X SYNDROME",="-0.019",="-0.007",="",="-0.014",="",="-0.028***"
="",="(0.012)",="(0.016)",="",="(0.014)",="",="(0.008)"
="FRONTOTEMPORAL DEMENTIA (FTD)",="-0.020",="-0.006",="",="-0.014",="-0.006",="-0.028***"
="",="(0.012)",="(0.016)",="",="(0.014)",="(0.025)",="(0.008)"
="GENE THERAPY",="-0.014",="-0.004",="-0.001",="-0.011",="0.128***",="-0.028***"
="",="(0.013)",="(0.016)",="(0.007)",="(0.014)",="(0.040)",="(0.008)"
="GENETIC TESTING",="0.041***",="0.300***",="0.003",="0.066***",="0.001",="0.011"
="",="(0.014)",="(0.063)",="(0.007)",="(0.017)",="(0.025)",="(0.008)"
="GENETICS",="7.749***",="3.492***",="0.082***",="1.010***",="1.623***",="0.111***"
="",="(1.008)",="(0.716)",="(0.014)",="(0.113)",="(0.138)",="(0.018)"
="HEADACHES",="-0.020",="-0.006",="-0.002",="",="-0.005",="-0.027***"
="",="(0.012)",="(0.016)",="(0.007)",="",="(0.025)",="(0.008)"
="HEALTH EFFECTS OF INDOOR AIR POL",="-0.019",="0.000",="0.010",="",="-0.005",="-0.028***"
="",="(0.012)",="(0.016)",="(0.011)",="",="(0.025)",="(0.008)"
="HEART DISEASE",="0.048***",="0.081**",="0.034***",="0.030**",="0.030",="0.133***"
="",="(0.012)",="(0.033)",="(0.010)",="(0.014)",="(0.021)",="(0.015)"
="HEART DISEASE - CORONARY HEART D",="-0.010",="0.026",="0.002",="-0.002",="-0.000",="0.005"
="",="(0.012)",="(0.016)",="(0.007)",="(0.014)",="(0.025)",="(0.010)"
="HEMATOLOGY",="0.702***",="0.333***",="0.008",="0.206***",="1.306***",="0.169***"
="",="(0.031)",="(0.051)",="(0.007)",="(0.079)",="(0.434)",="(0.054)"
="HEPATITIS",="-0.014",="0.080***",="0.003",="-0.003",="0.011",="-0.014"
="",="(0.013)",="(0.024)",="(0.007)",="(0.014)",="(0.025)",="(0.009)"
="HEPATITIS - B",="-0.019",="0.022",="-0.001",="-0.013",="-0.003",="-0.024***"
="",="(0.013)",="(0.016)",="(0.007)",="(0.014)",="(0.025)",="(0.008)"
="HEPATITIS - C",="-0.019",="0.032*",="-0.000",="-0.012",="0.002",="-0.024**"
="",="(0.012)",="(0.018)",="(0.007)",="(0.014)",="(0.025)",="(0.009)"
="HIV/AIDS",="0.135***",="0.383***",="0.043***",="0.017",="0.098**",="0.116"
="",="(0.032)",="(0.096)",="(0.017)",="(0.015)",="(0.041)",="(0.085)"
="HODGKIN'S DISEASE",="-0.020",="0.006",="-0.002",="-0.013",="-0.003",="-0.028***"
="",="(0.012)",="(0.015)",="(0.007)",="(0.014)",="(0.025)",="(0.008)"
="HPV AND/OR CERVICAL CANCER VACCI",="-0.020*",="0.010",="0.042***",="-0.008",="-0.003",="-0.020***"
="",="(0.012)",="(0.016)",="(0.011)",="(0.015)",="(0.026)",="(0.007)"
="HUMAN FETAL TISSUE",="-0.019",="-0.006",="-0.002",="-0.014",="-0.005",=""
="",="(0.013)",="(0.016)",="(0.007)",="(0.014)",="(0.025)",=""
="HUMAN GENOME",="1.277***",="1.513***",="0.004",="0.227***",="0.111***",="0.007"
="",="(0.212)",="(0.394)",="(0.006)",="(0.021)",="(0.040)",="(0.019)"
="HUNTINGTON'S DISEASE",="-0.017",="-0.006",="",="-0.014",="-0.005",="-0.027***"
="",="(0.012)",="(0.016)",="",="(0.014)",="(0.025)",="(0.008)"
="HYDROCEPHALUS",="-0.020",="",="",="-0.014",="-0.005",="-0.028***"
="",="(0.012)",="",="",="(0.014)",="(0.025)",="(0.008)"
="HYPERTENSION",="0.000",="0.023*",="0.004",="-0.013",="0.003",="-0.018*"
="",="(0.010)",="(0.013)",="(0.007)",="(0.014)",="(0.024)",="(0.009)"
="INFANT MORTALITY",="-0.020*",="-0.007",="-0.002",="-0.014",="-0.006",="-0.028***"
="",="(0.012)",="(0.016)",="(0.007)",="(0.014)",="(0.025)",="(0.008)"
="INFANT MORTALITY/ (LBW)",="-0.015",="0.007",="0.003",="-0.011",="-0.002",="-0.009"
="",="(0.012)",="(0.014)",="(0.007)",="(0.014)",="(0.026)",="(0.008)"
="INFECTIOUS DISEASES",="0.377***",="0.897***",="0.090***",="0.088***",="0.294***",="0.168***"
="",="(0.094)",="(0.150)",="(0.018)",="(0.029)",="(0.045)",="(0.046)"
="INFERTILITY",="0.001",="0.002",="-0.002",="-0.011",="-0.005",="-0.007"
="",="(0.014)",="(0.016)",="(0.007)",="(0.014)",="(0.025)",="(0.007)"
="INFLAMMATORY BOWEL DISEASE",="0.005",="0.028**",="0.001",="-0.002",="0.007",="-0.020***"
="",="(0.014)",="(0.014)",="(0.007)",="(0.014)",="(0.023)",="(0.008)"
="INFLUENZA",="-0.014",="0.013",="0.006",="-0.013",="0.000",="-0.025***"
="",="(0.011)",="(0.016)",="(0.008)",="(0.014)",="(0.025)",="(0.007)"
="INJURY (TOTAL) ACCIDENTS/ADVERSE",="-0.003",="0.006",="0.001",="-0.006",="-0.000",="0.020"
="",="(0.012)",="(0.013)",="(0.006)",="(0.014)",="(0.025)",="(0.012)"
="INJURY - TRAUMA - (HEAD AND SPIN",="-0.016",="-0.007",="-0.002",="-0.012",="-0.004",="-0.017***"
="",="(0.012)",="(0.016)",="(0.007)",="(0.014)",="(0.025)",="(0.005)"
="INJURY - TRAUMATIC BRAIN INJURY",="-0.020*",="-0.007",="",="-0.013",="-0.004",="-0.020***"
="",="(0.012)",="(0.016)",="",="(0.014)",="(0.025)",="(0.006)"
="INTELLECTUAL AND DEVELOPMENTAL D",="0.012",="0.013",="-0.001",="-0.012",="-0.004",="-0.020**"
="",="(0.012)",="(0.013)",="(0.007)",="(0.014)",="(0.025)",="(0.008)"
="INTERSTITIAL CYSTITIS",="-0.020",="-0.007",="",="",="-0.005",="-0.028***"
="",="(0.012)",="(0.016)",="",="",="(0.025)",="(0.009)"
="KIDNEY DISEASE",="0.173***",="0.100***",="0.003",="0.071***",="0.310***",="0.065***"
="",="(0.017)",="(0.021)",="(0.007)",="(0.026)",="(0.105)",="(0.012)"
="LEAD POISONING",="-0.020*",="-0.006",="-0.002",="-0.014",="",=""
="",="(0.012)",="(0.016)",="(0.007)",="(0.014)",="",=""
="LIVER CANCER",="0.010",="0.028",="-0.000",="0.011",="0.035*",="-0.018**"
="",="(0.019)",="(0.025)",="(0.007)",="(0.018)",="(0.018)",="(0.009)"
="LIVER DISEASE",="0.121***",="0.150***",="0.013**",="0.105***",="0.187***",="0.026"
="",="(0.021)",="(0.033)",="(0.006)",="(0.040)",="(0.041)",="(0.017)"
="LUNG",="0.280***",="0.274***",="0.055***",="0.276***",="0.553***",="0.272***"
="",="(0.038)",="(0.067)",="(0.011)",="(0.030)",="(0.084)",="(0.076)"
="LUNG CANCER",="0.130***",="0.128***",="0.026***",="0.159***",="0.359***",="0.103***"
="",="(0.036)",="(0.047)",="(0.009)",="(0.022)",="(0.061)",="(0.030)"
="LUPUS",="-0.004",="0.002",="-0.002",="-0.013",="0.002",="-0.025***"
="",="(0.015)",="(0.015)",="(0.007)",="(0.014)",="(0.026)",="(0.009)"
="LYME DISEASE",="-0.020",="-0.007",="-0.002",="-0.014",="-0.006",=""
="",="(0.012)",="(0.016)",="(0.007)",="(0.014)",="(0.025)",=""
="LYMPHOMA",="0.114***",="0.173***",="0.000",="0.072**",="0.299***",="-0.000"
="",="(0.017)",="(0.029)",="(0.007)",="(0.036)",="(0.093)",="(0.010)"
="MACULAR DEGENERATION",="-0.016",="0.002",="-0.002",="-0.013",="-0.001",="-0.027***"
="",="(0.011)",="(0.014)",="(0.007)",="(0.014)",="(0.027)",="(0.009)"
="MAJOR DEPRESSIVE DISORDER",="-0.020",="-0.006",="-0.002",="-0.014",="-0.006",="-0.027***"
="",="(0.012)",="(0.016)",="(0.007)",="(0.014)",="(0.025)",="(0.008)"
="MALARIA",="-0.013",="-0.002",="-0.001",="-0.013",="0.008",="-0.027***"
="",="(0.014)",="(0.015)",="(0.007)",="(0.014)",="(0.028)",="(0.009)"
="MENTAL HEALTH",="0.008",="0.046***",="0.048***",="-0.003",="0.003",="0.439***"
="",="(0.015)",="(0.014)",="(0.009)",="(0.016)",="(0.025)",="(0.124)"
="METHAMPHETAMINE",="-0.020",="-0.007",="-0.002",="",="-0.005",="-0.028***"
="",="(0.012)",="(0.016)",="(0.007)",="",="(0.025)",="(0.008)"
="MIGRAINES",="-0.020",="-0.006",="-0.002",="",="",="-0.028***"
="",="(0.012)",="(0.016)",="(0.007)",="",="",="(0.008)"
="MIND AND BODY",="-0.020",="-0.005",="0.027***",="-0.012",="-0.000",="0.260***"
="",="(0.012)",="(0.016)",="(0.010)",="(0.014)",="(0.026)",="(0.096)"
="MUCOPOLYSACCHARIDOSES (MPS)",="-0.020",="",="",="-0.014",="-0.006",="-0.028***"
="",="(0.012)",="",="",="(0.014)",="(0.025)",="(0.008)"
="MULTIPLE SCLEROSIS",="-0.013",="-0.001",="-0.002",="-0.011",="-0.002",="-0.023**"
="",="(0.012)",="(0.016)",="(0.007)",="(0.014)",="(0.025)",="(0.009)"
="MUSCULAR DYSTROPHY",="-0.015",="-0.006",="",="-0.014",="-0.005",="-0.028***"
="",="(0.014)",="(0.016)",="",="(0.014)",="(0.025)",="(0.008)"
="MYASTHENIA GRAVIS",="-0.018",="",="",="",="-0.006",="-0.028***"
="",="(0.012)",="",="",="",="(0.025)",="(0.008)"
="MYOTONIC DYSTROPHY",="-0.020",="-0.007",="",="-0.014",="-0.005",="-0.028***"
="",="(0.012)",="(0.016)",="",="(0.014)",="(0.025)",="(0.008)"
="NANOTECHNOLOGY",="0.003",="-0.004",="-0.000",="0.134*",="0.187**",="-0.028***"
="",="(0.011)",="(0.017)",="(0.007)",="(0.072)",="(0.076)",="(0.008)"
="NEUROBLASTOMA",="0.013",="-0.001",="-0.002",="-0.004",="0.029",="-0.027***"
="",="(0.015)",="(0.016)",="(0.007)",="(0.014)",="(0.027)",="(0.008)"
="NEURODEGENERATIVE",="0.132***",="0.044***",="0.001",="0.023",="0.062***",="0.045***"
="",="(0.011)",="(0.012)",="(0.006)",="(0.020)",="(0.021)",="(0.013)"
="NEUROFIBROMATOSIS",="-0.011",="-0.005",="",="-0.012",="-0.003",="-0.028***"
="",="(0.016)",="(0.017)",="",="(0.014)",="(0.025)",="(0.008)"
="NEUROSCIENCES",="0.736***",="0.167***",="0.030**",="0.223***",="0.392***",="0.214***"
="",="(0.093)",="(0.034)",="(0.012)",="(0.043)",="(0.054)",="(0.047)"
="NUTRITION",="0.163***",="0.615***",="1.048***",="0.014",="0.091***",="0.240***"
="",="(0.022)",="(0.080)",="(0.114)",="(0.016)",="(0.029)",="(0.028)"
="OBESITY",="0.029**",="0.233***",="0.328***",="-0.007",="0.006",="0.070***"
="",="(0.012)",="(0.023)",="(0.046)",="(0.014)",="(0.026)",="(0.015)"
="ORGAN TRANSPLANTATION",="-0.009",="0.001",="-0.001",="-0.010",="0.014",="-0.005"
="",="(0.012)",="(0.017)",="(0.007)",="(0.015)",="(0.023)",="(0.008)"
="ORPHAN DRUG",="0.092***",="0.024",="0.002",="0.029**",="0.833***",="-0.015*"
="",="(0.017)",="(0.015)",="(0.006)",="(0.013)",="(0.114)",="(0.008)"
="OSTEOARTHRITIS",="-0.020",="-0.004",="-0.002",="-0.013",="-0.006",="-0.025**"
="",="(0.012)",="(0.015)",="(0.007)",="(0.014)",="(0.025)",="(0.010)"
="OSTEOGENESIS IMPERFECTA",="-0.020*",="-0.007",="",="-0.014",="",=""
="",="(0.012)",="(0.016)",="",="(0.014)",="",=""
="OSTEOPOROSIS",="0.008",="0.004",="0.004",="-0.007",="0.004",="0.008"
="",="(0.018)",="(0.017)",="(0.006)",="(0.014)",="(0.026)",="(0.006)"
="OTITIS MEDIA",="-0.020",="-0.006",="-0.002",="-0.014",="-0.006",="-0.028***"
="",="(0.012)",="(0.016)",="(0.007)",="(0.014)",="(0.025)",="(0.008)"
="OVARIAN CANCER",="0.131***",="0.208***",="0.003",="0.090***",="0.195***",="0.040***"
="",="(0.029)",="(0.039)",="(0.006)",="(0.035)",="(0.034)",="(0.006)"
="PAIN CONDITIONS - CHRONIC",="-0.013",="0.002",="-0.000",="-0.006",="0.023",="0.213***"
="",="(0.013)",="(0.015)",="(0.007)",="(0.014)",="(0.021)",="(0.028)"
="PAIN RESEARCH",="-0.007",="0.006",="0.001",="0.002",="0.054***",="0.313***"
="",="(0.013)",="(0.015)",="(0.006)",="(0.015)",="(0.019)",="(0.052)"
="PANCREATIC CANCER",="0.122***",="0.031",="0.005",="0.045**",="0.140***",="0.006"
="",="(0.022)",="(0.024)",="(0.006)",="(0.018)",="(0.028)",="(0.010)"
="PARKINSON'S DISEASE",="-0.015",="-0.001",="-0.002",="-0.012",="-0.004",="-0.025***"
="",="(0.013)",="(0.016)",="(0.007)",="(0.014)",="(0.025)",="(0.008)"
="PEDIATRIC",="0.400***",="0.416***",="0.335***",="0.113***",="0.365***",="0.413***"
="",="(0.045)",="(0.048)",="(0.073)",="(0.033)",="(0.099)",="(0.063)"
="PEDIATRIC AIDS",="-0.020*",="-0.004",="-0.000",="-0.014",="-0.005",="-0.020*"
="",="(0.012)",="(0.017)",="(0.007)",="(0.014)",="(0.025)",="(0.011)"
="PEDIATRIC CANCER",="0.096***",="0.061***",="-0.000",="0.024",="0.208***",="0.019"
="",="(0.029)",="(0.017)",="(0.007)",="(0.018)",="(0.056)",="(0.018)"
="PEDIATRIC RESEARCH INITIATIVE",="0.032**",="0.048**",="0.032***",="0.013",="0.098***",="0.008"
="",="(0.014)",="(0.021)",="(0.008)",="(0.015)",="(0.019)",="(0.010)"
="PERINATAL - BIRTH - PRETERM (LBW",="-0.016",="0.004",="-0.000",="-0.011",="-0.004",="-0.013"
="",="(0.012)",="(0.015)",="(0.007)",="(0.014)",="(0.026)",="(0.010)"
="PERINATAL - NEONATAL RESPIRATORY",="-0.020",="-0.006",="-0.002",="",="-0.005",="-0.028***"
="",="(0.012)",="(0.016)",="(0.007)",="",="(0.025)",="(0.008)"
="PERINATAL PERIOD - CONDITIONS OR",="-0.010",="0.023",="0.007",="-0.009",="-0.002",="0.001"
="",="(0.013)",="(0.018)",="(0.007)",="(0.015)",="(0.026)",="(0.010)"
="PERIPHERAL NEUROPATHY",="-0.016",="-0.005",="",="-0.013",="0.003",="-0.003"
="",="(0.011)",="(0.016)",="",="(0.014)",="(0.024)",="(0.007)"
="PHYSICAL REHABILITATION",="-0.020",="",="-0.002",="",="-0.006",="-0.015***"
="",="(0.012)",="",="(0.007)",="",="(0.025)",="(0.005)"
="PICK'S DISEASE",="-0.020*",="",="",="",="",=""
="",="(0.012)",="",="",="",="",=""
="PNEUMONIA",="-0.016",="-0.000",="-0.001",="-0.013",="-0.002",="-0.023***"
="",="(0.012)",="(0.017)",="(0.007)",="(0.014)",="(0.026)",="(0.007)"
="PNEUMONIA & INFLUENZA",="-0.011",="0.019",="0.006",="-0.012",="0.006",="-0.019***"
="",="(0.011)",="(0.018)",="(0.008)",="(0.014)",="(0.025)",="(0.006)"
="POLYCYSTIC KIDNEY DISEASE",="-0.013",="-0.006",="",="-0.014",="-0.005",="-0.028***"
="",="(0.011)",="(0.016)",="",="(0.014)",="(0.025)",="(0.008)"
="POST-TRAUMATIC STRESS DISORDER (",="-0.020*",="-0.005",="-0.002",="-0.014",="",="-0.024***"
="",="(0.012)",="(0.016)",="(0.007)",="(0.014)",="",="(0.008)"
="PROSTATE CANCER",="0.302***",="0.186***",="0.032**",="0.582***",="0.489***",="0.204***"
="",="(0.069)",="(0.047)",="(0.014)",="(0.223)",="(0.045)",="(0.044)"
="PSORIASIS",="-0.013",="0.002",="-0.002",="-0.013",="-0.002",="-0.026***"
="",="(0.012)",="(0.014)",="(0.007)",="(0.014)",="(0.025)",="(0.009)"
="RARE DISEASES",="2.082***",="1.273***",="0.054***",="1.238***",="3.424***",="0.623***"
="",="(0.092)",="(0.150)",="(0.013)",="(0.308)",="(0.873)",="(0.122)"
="REGENERATIVE MEDICINE",="0.289***",="0.008",="-0.002",="-0.002",="0.121***",="-0.011"
="",="(0.045)",="(0.016)",="(0.007)",="(0.014)",="(0.039)",="(0.009)"
="REHABILITATION",="-0.019",="0.004",="0.010",="-0.010",="0.004",="0.281***"
="",="(0.012)",="(0.016)",="(0.006)",="(0.014)",="(0.023)",="(0.086)"
="RETT SYNDROME",="-0.020",="-0.007",="",="",="",="-0.028***"
="",="(0.012)",="(0.016)",="",="",="",="(0.008)"
="RHEUMATOID ARTHRITIS",="-0.017",="0.005",="-0.002",="-0.013",="-0.001",="-0.026***"
="",="(0.012)",="(0.013)",="(0.007)",="(0.014)",="(0.024)",="(0.009)"
="RURAL HEALTH",="-0.020",="0.005",="0.005",="-0.010",="-0.004",="0.021"
="",="(0.012)",="(0.019)",="(0.007)",="(0.014)",="(0.025)",="(0.024)"
="SCHIZOPHRENIA",="-0.017",="-0.001",="-0.001",="-0.014",="-0.005",="-0.013"
="",="(0.012)",="(0.015)",="(0.007)",="(0.014)",="(0.025)",="(0.011)"
="SCLERODERMA",="-0.020",="0.002",="",="-0.014",="-0.005",="-0.027***"
="",="(0.012)",="(0.013)",="",="(0.014)",="(0.025)",="(0.009)"
="SEPTICEMIA",="-0.016",="-0.005",="-0.002",="-0.013",="-0.003",="-0.023***"
="",="(0.013)",="(0.016)",="(0.007)",="(0.014)",="(0.025)",="(0.008)"
="SERIOUS MENTAL ILLNESS",="-0.017",="-0.000",="-0.000",="-0.014",="-0.005",="-0.015**"
="",="(0.012)",="(0.015)",="(0.007)",="(0.014)",="(0.025)",="(0.007)"
="SEXUAL AND GENDER MINORITIES (SG",="-0.020",="-0.001",="-0.001",="-0.014",="-0.005",="-0.024***"
="",="(0.012)",="(0.015)",="(0.007)",="(0.014)",="(0.025)",="(0.009)"
="SEXUALLY TRANSMITTED DISEASES/HE",="0.002",="0.191***",="0.053***",="0.056**",="0.011",="0.005"
="",="(0.010)",="(0.028)",="(0.015)",="(0.028)",="(0.026)",="(0.007)"
="SICKLE CELL DISEASE",="-0.020",="-0.006",="-0.002",="-0.014",="-0.004",="-0.025***"
="",="(0.012)",="(0.016)",="(0.007)",="(0.014)",="(0.025)",="(0.009)"
="SLEEP RESEARCH",="-0.012",="0.011",="0.003",="-0.013",="-0.005",="0.007"
="",="(0.014)",="(0.017)",="(0.007)",="(0.014)",="(0.025)",="(0.013)"
="SMALL POX",="-0.020",="-0.005",="-0.002",="",="-0.005",=""
="",="(0.012)",="(0.016)",="(0.007)",="",="(0.025)",=""
="SMOKING AND HEALTH",="-0.010",="0.161***",="0.661***",="-0.008",="-0.004",="0.015"
="",="(0.013)",="(0.036)",="(0.185)",="(0.014)",="(0.025)",="(0.012)"
="SPINA BIFIDA",="-0.020",="-0.007",="-0.002",="-0.014",="",="-0.028***"
="",="(0.012)",="(0.016)",="(0.007)",="(0.014)",="",="(0.008)"
="SPINAL CORD INJURY",="-0.019",="",="-0.002",="-0.013",="-0.004",="-0.026***"
="",="(0.012)",="",="(0.007)",="(0.014)",="(0.025)",="(0.008)"
="SPINAL MUSCULAR ATROPHY",="-0.020",="-0.007",="",="-0.014",="-0.004",="-0.028***"
="",="(0.012)",="(0.016)",="",="(0.014)",="(0.026)",="(0.008)"
="STEM CELL RESEARCH",="0.907***",="0.061***",="0.002",="0.028**",="0.391***",="0.001"
="",="(0.120)",="(0.013)",="(0.007)",="(0.014)",="(0.120)",="(0.012)"
="STEM CELL RESEARCH - EMBRYONIC -",="0.002",="-0.006",="",="-0.013",="-0.005",=""
="",="(0.016)",="(0.016)",="",="(0.014)",="(0.025)",=""
="STEM CELL RESEARCH - EMBRYONIC -",="0.043**",="-0.005",="-0.002",="-0.014",="-0.003",="-0.028***"
="",="(0.017)",="(0.016)",="(0.007)",="(0.014)",="(0.025)",="(0.008)"
="STEM CELL RESEARCH - INDUCED PLU",="-0.011",="-0.006",="",="-0.013",="-0.002",="-0.028***"
="",="(0.013)",="(0.016)",="",="(0.014)",="(0.025)",="(0.008)"
="STEM CELL RESEARCH - INDUCED PLU",="-0.015",="-0.007",="",="-0.013",="-0.003",="-0.028***"
="",="(0.013)",="(0.016)",="",="(0.014)",="(0.025)",="(0.008)"
="STEM CELL RESEARCH - INDUCED PLU",="-0.019",="",="",="",="-0.005",=""
="",="(0.012)",="",="",="",="(0.025)",=""
="STEM CELL RESEARCH - NONEMBRYONI",="0.217***",="0.013",="-0.001",="0.001",="0.204***",="-0.019*"
="",="(0.030)",="(0.016)",="(0.007)",="(0.014)",="(0.059)",="(0.010)"
="STEM CELL RESEARCH - NONEMBRYONI",="0.438***",="0.026*",="-0.001",="-0.005",="0.092***",="-0.021***"
="",="(0.068)",="(0.015)",="(0.007)",="(0.014)",="(0.022)",="(0.008)"
="STEM CELL RESEARCH - UMBILICAL C",="-0.018",="-0.006",="",="-0.014",="0.002",="-0.028***"
="",="(0.012)",="(0.016)",="",="(0.014)",="(0.024)",="(0.008)"
="STEM CELL RESEARCH - UMBILICAL C",="-0.019",="-0.007",="",="-0.014",="-0.001",="-0.028***"
="",="(0.012)",="(0.016)",="",="(0.014)",="(0.024)",="(0.008)"
="STROKE",="-0.013",="0.002",="-0.001",="-0.008",="-0.001",="0.004"
="",="(0.011)",="(0.017)",="(0.007)",="(0.014)",="(0.025)",="(0.007)"
="SUBSTANCE ABUSE",="-0.009",="0.125***",="0.353***",="-0.008",="0.005",="0.018**"
="",="(0.012)",="(0.031)",="(0.100)",="(0.014)",="(0.026)",="(0.009)"
="SUICIDE",="-0.020",="-0.003",="-0.001",="",="-0.005",="-0.024***"
="",="(0.012)",="(0.015)",="(0.007)",="",="(0.025)",="(0.007)"
="TEMPOROMANDIBULAR MUSCLE/JOINT D",="-0.020*",="",="",="",="-0.006",="-0.028***"
="",="(0.012)",="",="",="",="(0.025)",="(0.008)"
="TOBACCO",="-0.010",="0.164***",="0.681***",="-0.007",="-0.004",="0.018"
="",="(0.013)",="(0.035)",="(0.186)",="(0.014)",="(0.025)",="(0.013)"
="TRANSMISSIBLE SPONGIFORM ENCEPHA",="-0.019",="-0.006",="",="-0.014",="-0.005",="-0.028***"
="",="(0.012)",="(0.016)",="",="(0.014)",="(0.025)",="(0.008)"
="TRANSPLANTATION",="0.047**",="0.017",="-0.001",="0.004",="0.341**",="0.053**"
="",="(0.020)",="(0.017)",="(0.007)",="(0.013)",="(0.147)",="(0.023)"
="TUBERCULOSIS",="-0.010",="0.001",="0.002",="-0.008",="0.006",="-0.025***"
="",="(0.011)",="(0.013)",="(0.008)",="(0.014)",="(0.027)",="(0.009)"
="TUBERCULOSIS VACCINE",="-0.020*",="-0.006",="-0.001",="-0.014",="-0.005",=""
="",="(0.012)",="(0.016)",="(0.007)",="(0.014)",="(0.025)",=""
="TUBEROUS SCLEROSIS",="-0.013",="-0.006",="",="",="-0.004",="-0.028***"
="",="(0.012)",="(0.016)",="",="",="(0.025)",="(0.008)"
="UROLOGIC DISEASES",="0.412***",="0.324***",="0.045**",="0.696***",="0.688***",="0.344***"
="",="(0.066)",="(0.044)",="(0.018)",="(0.197)",="(0.084)",="(0.049)"
="USHER SYNDROME",="-0.020",="",="",="",="",=""
="",="(0.012)",="",="",="",="",=""
="UTERINE CANCER",="0.022",="0.067***",="0.000",="0.004",="0.011",="-0.021***"
="",="(0.014)",="(0.015)",="(0.007)",="(0.015)",="(0.026)",="(0.006)"
="VACCINE RELATED",="0.397***",="0.151***",="0.121***",="0.014",="0.784***",="0.016"
="",="(0.064)",="(0.026)",="(0.023)",="(0.017)",="(0.101)",="(0.011)"
="VACCINE RELATED (AIDS)",="-0.013",="-0.006",="0.002",="",="-0.002",=""
="",="(0.012)",="(0.017)",="(0.006)",="",="(0.025)",=""
="VECTOR-BORNE DISEASES",="-0.001",="0.013",="0.000",="-0.012",="0.027",="-0.025***"
="",="(0.017)",="(0.016)",="(0.007)",="(0.014)",="(0.032)",="(0.009)"
="VIOLENCE RESEARCH",="-0.020*",="-0.005",="0.001",="-0.014",="",="-0.024***"
="",="(0.012)",="(0.016)",="(0.007)",="(0.014)",="",="(0.007)"
="WEST NILE VIRUS",="-0.020",="-0.005",="-0.002",="-0.014",="-0.005",="-0.028***"
="",="(0.012)",="(0.016)",="(0.007)",="(0.014)",="(0.025)",="(0.008)"
="ADOLESCENT SEXUAL ACTIVITY",="",="0.000",="0.021*",="-0.014",="-0.006",="-0.025***"
="",="",="(0.013)",="(0.012)",="(0.014)",="(0.025)",="(0.008)"
="ALLERGIC RHINITIS (HAY FEVER)",="",="-0.006",="-0.002",="",="-0.005",="-0.028***"
="",="",="(0.016)",="(0.007)",="",="(0.025)",="(0.008)"
="ANOREXIA",="",="-0.007",="-0.002",="",="",="-0.028***"
="",="",="(0.016)",="(0.007)",="",="",="(0.008)"
="ARCTIC",="",="-0.007",="-0.002",="-0.014",="",="-0.028***"
="",="",="(0.016)",="(0.007)",="(0.014)",="",="(0.009)"
="CANNABIDIOL RESEARCH",="",="-0.007",="",="",="-0.005",=""
="",="",="(0.016)",="",="",="(0.025)",=""
="CHILD ABUSE AND NEGLECT RESEARCH",="",="-0.006",="",="-0.014",="",="-0.028***"
="",="",="(0.016)",="",="(0.014)",="",="(0.008)"
="CLIMATE CHANGE",="",="-0.007",="",="",="",=""
="",="",="(0.016)",="",="",="",=""
="COST EFFECTIVENESS RESEARCH",="",="-0.006",="0.011",="-0.002",="0.007",="0.217**"
="",="",="(0.016)",="(0.008)",="(0.015)",="(0.025)",="(0.085)"
="DIETHYLSTILBESTROL (DES)",="",="-0.007",="",="",="",=""
="",="",="(0.016)",="",="",="",=""
="HEALTH EFFECTS OF HOUSEHOLD ENER",="",="-0.007",="",="",="",="-0.028***"
="",="",="(0.016)",="",="",="",="(0.008)"
="HEPATITIS - A",="",="-0.007",="",="",="",=""
="",="",="(0.016)",="",="",="",=""
="INJURY - CHILDHOOD INJURIES",="",="-0.007",="-0.002",="-0.014",="",="-0.025***"
="",="",="(0.016)",="(0.007)",="(0.014)",="",="(0.007)"
="INJURY - UNINTENTIONAL CHILDHOOD",="",="-0.007",="-0.002",="-0.014",="",="-0.027***"
="",="",="(0.016)",="(0.007)",="(0.014)",="",="(0.007)"
="LEWY BODY DEMENTIA",="",="-0.007",="",="",="",=""
="",="",="(0.016)",="",="",="",=""
="PAGET'S DISEASE",="",="-0.007",="",="",="",=""
="",="",="(0.016)",="",="",="",=""
="PRESCRIPTION DRUG ABUSE",="",="-0.007",="-0.002",="-0.014",="-0.006",="-0.026***"
="",="",="(0.016)",="(0.007)",="(0.014)",="(0.025)",="(0.008)"
="SUDDEN INFANT DEATH SYNDROME",="",="-0.007",="-0.002",="",="",="-0.028***"
="",="",="(0.016)",="(0.007)",="",="",="(0.008)"
="SUICIDE PREVENTION",="",="-0.005",="-0.001",="",="",="-0.027***"
="",="",="(0.015)",="(0.007)",="",="",="(0.008)"
="TEENAGE PREGNANCY",="",="-0.005",="0.001",="",="",="-0.028***"
="",="",="(0.015)",="(0.008)",="",="",="(0.008)"
="THERAPEUTIC CANNABINOID RESEARCH",="",="-0.007",="",="",="-0.005",=""
="",="",="(0.016)",="",="",="(0.025)",=""
="TOPICAL MICROBICIDES",="",="-0.006",="",="-0.014",="-0.005",=""
="",="",="(0.016)",="",="(0.014)",="(0.025)",=""
="TOURETTE SYNDROME",="",="-0.007",="",="",="",="-0.028***"
="",="",="(0.016)",="",="",="",="(0.008)"
="UNDERAGE DRINKING",="",="-0.005",="0.007",="",="",="-0.026***"
="",="",="(0.017)",="(0.006)",="",="",="(0.009)"
="VIOLENCE AGAINST WOMEN",="",="-0.006",="-0.002",="-0.014",="",="-0.028***"
="",="",="(0.016)",="(0.007)",="(0.014)",="",="(0.008)"
="YOUTH VIOLENCE",="",="-0.006",="-0.001",="",="",="-0.028***"
="",="",="(0.016)",="(0.007)",="",="",="(0.009)"
="EMERGENCY CARE",="",="",="-0.001",="-0.014",="",="-0.017***"
="",="",="",="(0.007)",="(0.014)",="",="(0.006)"
="HOMELESSNESS",="",="",="-0.001",="-0.014",="",="-0.027***"
="",="",="",="(0.007)",="(0.014)",="",="(0.009)"
="MALARIA VACCINE",="",="",="-0.002",="",="-0.005",=""
="",="",="",="(0.007)",="",="(0.025)",=""
="SCREENING AND BRIEF INTERVENTION",="",="",="-0.001",="",="",="-0.028***"
="",="",="",="(0.007)",="",="",="(0.008)"
="SUBSTANCE ABUSE PREVENTION",="",="",="-0.001",="",="",="-0.028***"
="",="",="",="(0.007)",="",="",="(0.008)"
="VASCULAR COGNITIVE IMPAIRMENT/DE",="",="",="-0.002",="-0.014",="",="-0.028***"
="",="",="",="(0.007)",="(0.014)",="",="(0.008)"
="YOUTH VIOLENCE PREVENTION",="",="",="-0.002",="",="",=""
="",="",="",="(0.007)",="",="",=""
="APHASIA",="",="",="",="-0.014",="",="-0.028***"
="",="",="",="",="(0.014)",="",="(0.008)"
="VULVODYNIA",="",="",="",="",="",="-0.028***"
="",="",="",="",="",="",="(0.008)"
="Constant",="0.036**",="-0.010",="0.009",="0.015",="0.002",="0.027***"
="",="(0.016)",="(0.013)",="(0.007)",="(0.015)",="(0.018)",="(0.005)"
="Observations",="1025",="1095",="935",="955",="960",="1055"
="Standard errors in parentheses"
="* p<.1, ** p<.05, *** p<.01"
